episodes,method,fraction_of_DP_value,val_mean_reward,val_macro_f1
15000,mc,0.5320771432307487,0.022540323436260223,0.5873165851489551
15000,q_learning,-0.11577426620292354,-0.0029997953679412603,0.650758035638817
15000,nstep_sarsa_3,0.21217701658628255,0.013599295169115067,0.6060470181282429
15000,double_q,0.37722278970191214,0.019266756251454353,0.6432078559738135
60000,mc,0.8506328011462185,0.045167192816734314,0.6630541871921182
60000,q_learning,0.32761549770186554,0.01611543633043766,0.6340471672539983
60000,nstep_sarsa_3,0.36610105181439623,0.02933228760957718,0.661154784494443
60000,double_q,0.08899774053880935,0.00878143310546875,0.5859366454111999
240000,mc,0.8949131470508056,0.0484200194478035,0.6821634856855852
240000,q_learning,0.5498329656936768,0.03193482384085655,0.6548090408262888
240000,nstep_sarsa_3,0.2651872459761229,0.03043072670698166,0.6083286665632106
240000,double_q,0.47592227037772694,0.02801617607474327,0.6244987778672122
