method,seed,train_value,fraction_of_DP_value,val_mean_reward,val_macro_f1,val_balanced_acc,val_auroc,sec
mc,0,0.048345314594251766,0.8506328011462185,0.045167192816734314,0.6630541871921182,0.6891532489936745,0.7832806210465784,4.485820770263672
mc,1,0.04866468991374686,0.8562521900139741,0.04399339482188225,0.626174634748611,0.6542553191489362,0.7799381828637147,5.391550064086914
mc,2,0.05058991320608627,0.8901263740117206,0.040585726499557495,0.6651467654602451,0.6904830362277171,0.7529111558366879,6.563969612121582
sarsa,0,-0.007387295688192049,-0.12997900782900965,0.0025838837027549744,0.5715808982203153,0.6377228292121909,0.6947239792984473,5.0068724155426025
sarsa,1,0.03845455021331353,0.6766054174908211,0.044517550617456436,0.6810480828589067,0.7189476710753306,0.78044134560092,6.80132269859314
sarsa,2,0.02346631397238179,0.41288833373890477,0.010427873581647873,0.6366612111292962,0.678730592294422,0.7014807360552041,5.545056581497192
expected_sarsa,0,0.011931350080828582,0.2099313620335426,0.020754724740982056,0.6408619313647246,0.6676610120759057,0.7305204140310523,8.441821098327637
expected_sarsa,1,0.033896065244362464,0.5963991581942311,0.04267796128988266,0.6720913286373573,0.7095313398504888,0.795176825761932,10.696909189224243
expected_sarsa,2,0.008560837239104635,0.15062739837300132,0.021885331720113754,0.6014285714285714,0.639735480161012,0.7158568142610695,10.834471702575684
q_learning,0,0.018619872500809532,0.32761549770186554,0.01611543633043766,0.6340471672539983,0.666439045428407,0.7255247268545141,7.360649585723877
q_learning,1,0.02326961137265677,0.40942736374003064,0.03687123954296112,0.6638550841918516,0.6932504312823462,0.7850416906267971,8.002569913864136
q_learning,2,0.02423830615312216,0.4264714881082061,0.023820333182811737,0.6419329170818429,0.6895845313398505,0.7346894767107534,8.884170293807983
double_q,0,0.005058144664452855,0.08899774053880935,0.00878143310546875,0.5859366454111999,0.652458309373203,0.7240511788384129,6.624785661697388
double_q,1,0.019070832724461244,0.335550114768066,0.0236301701515913,0.6617825955570708,0.6919206440483037,0.7411946520989074,7.792963981628418
double_q,2,0.0013796241191171457,0.024274400504429375,0.018885036930441856,0.6244496244496245,0.6666546866014951,0.7249496837262794,6.9271485805511475
nstep_sarsa_2,0,0.013713851099212965,0.2412943565044603,0.019829610362648964,0.6523239777314049,0.7003306497987349,0.7380678550891318,6.289354085922241
nstep_sarsa_2,1,0.025493936364184178,0.44856422351811276,0.03182265907526016,0.6448414093818131,0.6703205865439907,0.773936170212766,4.001767158508301
nstep_sarsa_2,2,0.017320386558948533,0.304751123438247,0.026171082630753517,0.6447656060238037,0.6771851638872916,0.7534502587694077,6.9009177684783936
nstep_sarsa_3,0,0.020807180841608597,0.36610105181439623,0.02933228760957718,0.661154784494443,0.6987852213916044,0.7596679125934446,8.27187967300415
nstep_sarsa_3,1,0.026122923163431032,0.4596312071010671,0.026213135570287704,0.6498490460331787,0.6770773433007475,0.7635853939045428,5.242061614990234
nstep_sarsa_3,2,0.03125312062107869,0.5498967120513835,0.03646761178970337,0.6680374183827222,0.6959100057504313,0.7699827487061529,4.91586971282959
